{"cameraMode":{"drawMode":0,"name":"Shaded","section":"Shading Mode"},"sceneLighting":true,"audioPlay":false,"sceneViewState":{"m_AlwaysRefresh":false,"showFog":true,"showSkybox":true,"showFlares":true,"showImageEffects":true,"showParticleSystems":true,"showVisualEffectGraphs":true,"m_FxEnabled":true},"in2DMode":false,"pivot":{"x":260.5137939453125,"y":168.3260498046875,"z":144.20162963867188},"rotation":{"x":-0.04379338398575783,"y":-0.01139202993363142,"z":0.0004988183500245214,"w":-0.9990010857582092},"size":281.69512939453127,"orthographic":false}